Year,model,East_won,p_east,correct,train_series,train_last_year
2015,50/50 reference,0,0.5,0.5,5,2014
2015,Higher net rating,0,0.0,1.0,5,2014
2015,Logistic regression,0,0.4490030893647967,1.0,5,2014
2015,Random forest,0,0.517422619047619,0.0,5,2014
2016,50/50 reference,1,0.5,0.5,6,2015
2016,Higher net rating,1,1.0,1.0,6,2015
2016,Logistic regression,1,0.7302563089381189,1.0,6,2015
2016,Random forest,1,0.845059523809524,1.0,6,2015
2017,50/50 reference,0,0.5,0.5,7,2016
2017,Higher net rating,0,0.0,1.0,7,2016
2017,Logistic regression,0,0.3227846717261769,1.0,7,2016
2017,Random forest,0,0.2895624999999999,1.0,7,2016
2018,50/50 reference,0,0.5,0.5,8,2017
2018,Higher net rating,0,0.0,1.0,8,2017
2018,Logistic regression,0,0.11648078975119147,1.0,8,2017
2018,Random forest,0,0.30001884920634914,1.0,8,2017
2019,50/50 reference,1,0.5,0.5,9,2018
2019,Higher net rating,1,1.0,1.0,9,2018
2019,Logistic regression,1,0.36406669039902484,0.0,9,2018
2019,Random forest,1,0.5444732142857145,1.0,9,2018
2020,50/50 reference,0,0.5,0.5,10,2019
2020,Higher net rating,0,0.0,1.0,10,2019
2020,Logistic regression,0,0.27414129839759993,1.0,10,2019
2020,Random forest,0,0.17779352591852582,1.0,10,2019
2021,50/50 reference,1,0.5,0.5,11,2020
2021,Higher net rating,1,1.0,1.0,11,2020
2021,Logistic regression,1,0.6648883357592943,1.0,11,2020
2021,Random forest,1,0.6648296419675096,1.0,11,2020
2022,50/50 reference,0,0.5,0.5,12,2021
2022,Higher net rating,0,0.0,1.0,12,2021
2022,Logistic regression,0,0.3793791174709551,1.0,12,2021
2022,Random forest,0,0.20408825202575204,1.0,12,2021
2023,50/50 reference,0,0.5,0.5,13,2022
2023,Higher net rating,0,0.0,1.0,13,2022
2023,Logistic regression,0,0.1365416969114735,1.0,13,2022
2023,Random forest,0,0.12797163115951826,1.0,13,2022
