Year,Win_team,Conference,Team,Rk_adv,Age,W,L,W/L%,PW,PL,ORtg,DRtg,NRtg,Pace,FTr,3PAr,TS%,OeFG%,OTOV%,ORB%,OFT/FGA,DeFG%,DTOV%,DRB%,DFT/FGA,Rk_per100,G,MP,FG,FGA,FG%,3P,3PA,3P%,2P,2PA,2P%,FT,FTA,FT%,ORB,DRB,TRB,AST,STL,BLK,TOV,PF,PTS,Is_Winner
2010,Los Angeles Lakers,East_team,Boston Celtics,4.0,29.4,15.0,9.0,0.625,14.0,10.0,104.8,101.7,3.1,89.2,0.341,0.211,0.539,0.491,13.8,23.1,0.258,0.473,15.2,74.6,0.285,12,24,5785.0,38.3,84.5,0.453,6.5,17.8,0.363,31.8,66.6,0.477,21.8,28.8,0.755,9.9,33.8,43.7,23.6,8.9,5.1,15.5,27.4,104.8,0
2010,Los Angeles Lakers,West_team,Los Angeles Lakers,3.0,29.0,16.0,7.0,0.696,15.0,8.0,112.8,108.6,4.2,89.6,0.32,0.255,0.546,0.502,11.9,30.9,0.241,0.475,12.0,72.4,0.277,4,23,5520.0,41.7,90.6,0.46,7.6,23.1,0.33,34.1,67.5,0.505,21.8,29.0,0.754,14.3,33.6,47.9,21.9,7.5,6.9,13.9,25.9,112.8,1
2011,Dallas Mavericks,East_team,Miami Heat,3.0,28.0,14.0,7.0,0.667,13.0,8.0,106.4,103.4,3.0,86.3,0.379,0.244,0.542,0.485,13.9,26.0,0.295,0.475,13.0,75.4,0.215,4,21,5090.0,37.4,84.1,0.445,6.8,20.5,0.331,30.7,63.6,0.482,24.8,31.9,0.777,11.6,35.5,47.1,18.9,8.4,6.9,15.9,22.1,106.4,0
2011,Dallas Mavericks,West_team,Dallas Mavericks,1.0,31.6,16.0,5.0,0.762,15.0,6.0,112.9,106.3,6.6,86.6,0.339,0.297,0.571,0.519,13.0,25.1,0.274,0.482,13.5,71.7,0.245,1,21,5065.0,39.6,86.0,0.461,10.1,25.6,0.394,29.5,60.5,0.489,23.6,29.2,0.809,11.1,33.0,44.1,23.1,8.2,4.7,14.8,23.1,112.9,1
2012,Miami Heat,East_team,Miami Heat,1.0,28.8,16.0,7.0,0.696,17.0,6.0,109.6,101.6,8.0,88.0,0.364,0.258,0.552,0.505,12.8,26.1,0.271,0.466,14.0,74.0,0.229,3,23,5570.0,39.3,85.6,0.46,7.7,22.1,0.347,31.7,63.5,0.499,23.2,31.2,0.744,11.5,34.1,45.5,19.7,8.2,5.6,14.6,23.1,109.6,1
2012,Miami Heat,West_team,Oklahoma City Thunder,3.0,25.7,13.0,7.0,0.65,13.0,7.0,111.8,107.4,4.4,90.6,0.306,0.24,0.558,0.508,11.3,23.6,0.251,0.491,13.7,74.7,0.262,1,20,4800.0,41.1,88.3,0.465,7.5,21.1,0.355,33.6,67.1,0.5,22.1,27.0,0.82,10.3,33.6,43.9,19.9,9.5,7.6,12.8,24.7,111.8,0
2013,Miami Heat,East_team,Miami Heat,2.0,30.1,16.0,7.0,0.696,17.0,6.0,110.2,102.9,7.3,87.3,0.303,0.264,0.559,0.518,13.1,25.2,0.232,0.48,15.6,71.1,0.237,1,23,5570.0,40.6,86.9,0.468,8.7,22.9,0.381,31.9,64.0,0.499,20.2,26.3,0.766,11.0,32.2,43.2,23.3,9.4,6.2,14.8,25.2,110.2,1
2013,Miami Heat,West_team,San Antonio Spurs,1.0,28.7,15.0,6.0,0.714,15.0,6.0,108.7,101.1,7.6,89.6,0.261,0.253,0.547,0.511,12.3,23.3,0.199,0.475,12.8,73.8,0.162,2,21,5190.0,41.2,89.1,0.463,8.5,22.5,0.378,32.7,66.5,0.492,17.7,23.3,0.763,10.5,35.6,46.1,23.7,8.5,5.5,13.9,20.7,108.7,0
2014,San Antonio Spurs,East_team,Miami Heat,3.0,31.1,13.0,7.0,0.65,11.0,9.0,112.8,110.8,2.0,86.2,0.305,0.326,0.594,0.555,12.9,17.1,0.238,0.539,14.2,75.3,0.22,4,20,4800.0,41.1,83.7,0.491,10.8,27.3,0.396,30.3,56.4,0.536,19.9,25.5,0.78,6.9,32.5,39.4,21.2,8.5,4.5,14.1,24.0,112.8,0
2014,San Antonio Spurs,West_team,San Antonio Spurs,1.0,29.6,16.0,7.0,0.696,18.0,5.0,114.2,104.2,10.0,92.7,0.291,0.267,0.583,0.546,12.1,23.6,0.223,0.492,13.4,77.2,0.197,2,23,5545.0,42.7,86.9,0.491,9.5,23.2,0.409,33.2,63.8,0.521,19.4,25.3,0.767,10.1,35.0,45.2,23.9,8.7,3.7,13.5,21.3,114.2,1
2015,Golden State Warriors,East_team,Cleveland Cavaliers,2.0,26.6,14.0,6.0,0.7,13.0,7.0,107.4,103.1,4.3,90.7,0.325,0.347,0.524,0.479,12.0,28.1,0.24,0.467,11.1,77.5,0.209,5,20,4875.0,37.7,89.8,0.42,10.6,31.1,0.34,27.1,58.6,0.462,21.5,29.2,0.738,13.3,37.8,51.1,19.5,6.8,6.9,14.1,22.7,107.4,0
2015,Golden State Warriors,West_team,Golden State Warriors,1.0,26.4,16.0,5.0,0.762,16.0,5.0,108.7,100.5,8.2,93.7,0.263,0.362,0.55,0.521,13.5,26.2,0.184,0.458,13.1,75.3,0.228,1,21,5115.0,40.2,88.6,0.453,12.0,32.1,0.374,28.2,56.5,0.498,16.3,23.3,0.699,12.2,35.8,48.0,25.8,8.4,6.1,15.4,23.6,108.7,1
2016,Cleveland Cavaliers,East_team,Cleveland Cavaliers,2.0,28.0,16.0,5.0,0.762,16.0,5.0,115.5,106.0,9.5,90.7,0.267,0.37,0.573,0.544,12.0,26.8,0.193,0.51,12.8,79.0,0.189,1,21,5040.0,42.3,90.2,0.469,13.6,33.4,0.406,28.7,56.8,0.506,17.4,24.1,0.725,11.8,35.9,47.7,23.4,8.6,4.7,13.8,21.6,115.5,1
2016,Cleveland Cavaliers,West_team,Golden State Warriors,4.0,27.4,15.0,9.0,0.625,15.0,9.0,110.5,106.1,4.4,97.0,0.272,0.379,0.562,0.529,12.7,23.9,0.2,0.481,13.1,72.4,0.226,4,24,5785.0,39.9,87.9,0.455,13.1,33.3,0.393,26.9,54.6,0.492,17.6,23.9,0.735,10.8,33.6,44.3,24.9,8.2,5.6,14.4,22.5,110.5,0
2017,Golden State Warriors,East_team,Cleveland Cavaliers,2.0,29.3,13.0,5.0,0.722,13.0,5.0,120.3,112.1,8.2,96.6,0.316,0.408,0.614,0.579,12.1,23.6,0.242,0.521,11.9,76.1,0.189,1,18,4320.0,42.4,86.0,0.493,14.7,35.1,0.42,27.7,50.9,0.544,20.8,27.1,0.767,9.5,34.1,43.6,22.8,7.6,4.8,13.5,19.4,120.3,0
2017,Golden State Warriors,West_team,Golden State Warriors,1.0,28.3,16.0,1.0,0.941,14.0,3.0,119.0,105.5,13.5,100.3,0.292,0.378,0.608,0.567,12.2,22.4,0.238,0.487,12.3,76.6,0.212,2,17,4080.0,42.8,86.8,0.494,12.7,32.8,0.386,30.1,54.0,0.559,20.6,25.3,0.815,9.3,36.4,45.6,28.2,8.7,6.1,13.6,21.7,119.0,1
2018,Golden State Warriors,East_team,Cleveland Cavaliers,8.0,30.3,12.0,10.0,0.545,10.0,12.0,109.4,111.2,-1.8,91.6,0.282,0.37,0.55,0.512,12.1,23.5,0.212,0.529,11.5,79.4,0.195,7,22,5330.0,39.9,88.5,0.45,10.9,32.8,0.331,29.0,55.7,0.52,18.8,25.0,0.752,10.6,34.2,44.7,20.8,6.4,4.8,13.7,21.1,109.4,0
2018,Golden State Warriors,West_team,Golden State Warriors,1.0,28.4,16.0,5.0,0.762,17.0,4.0,113.9,103.6,10.3,96.5,0.237,0.365,0.581,0.545,11.9,21.8,0.195,0.481,12.3,77.6,0.186,1,21,5065.0,42.5,88.7,0.48,11.5,32.4,0.357,31.0,56.3,0.55,17.3,21.0,0.822,9.4,37.0,46.4,26.9,8.1,6.0,13.3,20.3,113.9,1
2019,Toronto Raptors,East_team,Toronto Raptors,2.0,28.4,16.0,8.0,0.667,16.0,8.0,110.7,105.1,5.6,95.4,0.275,0.407,0.561,0.515,10.8,18.9,0.228,0.491,13.5,77.7,0.233,9,24,5810.0,39.1,88.1,0.444,12.4,35.8,0.346,26.8,52.3,0.512,20.1,24.2,0.83,8.6,35.4,44.0,23.4,8.4,4.8,11.9,23.5,110.7,1
2019,Toronto Raptors,West_team,Golden State Warriors,3.0,29.1,14.0,8.0,0.636,13.0,9.0,116.2,112.7,3.5,97.3,0.282,0.38,0.589,0.548,13.1,24.8,0.23,0.522,12.2,76.6,0.243,1,22,5330.0,41.8,87.7,0.477,12.4,33.3,0.372,29.4,54.4,0.541,20.1,24.7,0.813,10.3,33.8,44.1,28.9,7.5,5.8,14.8,23.6,116.2,0
2020,Los Angeles Lakers,East_team,Miami Heat,6.0,27.1,14.0,7.0,0.667,12.0,9.0,113.5,111.5,2.0,95.9,0.322,0.433,0.587,0.537,12.3,19.1,0.266,0.529,13.0,77.3,0.215,5,21,5090.0,38.9,84.7,0.46,13.2,36.7,0.359,25.8,48.0,0.536,22.5,27.3,0.825,8.0,34.7,42.7,25.7,7.1,4.0,13.6,20.5,113.5,0
2020,Los Angeles Lakers,West_team,Los Angeles Lakers,1.0,29.3,16.0,5.0,0.762,15.0,6.0,115.9,108.9,7.0,97.3,0.293,0.407,0.595,0.561,14.0,26.1,0.222,0.525,13.6,81.9,0.251,2,21,5040.0,42.2,86.3,0.489,12.4,35.1,0.354,29.8,51.2,0.581,19.1,25.3,0.758,10.9,34.5,45.3,26.3,8.3,5.5,15.8,23.3,115.9,1
2021,Milwaukee Bucks,East_team,Milwaukee Bucks,3.0,29.2,16.0,7.0,0.696,15.0,8.0,112.9,107.6,5.3,96.9,0.228,0.384,0.55,0.524,11.3,27.8,0.164,0.523,12.2,81.6,0.16,11,23,5570.0,43.1,93.2,0.462,11.5,35.8,0.321,31.6,57.4,0.55,15.3,21.3,0.718,13.1,37.0,50.1,23.4,8.0,4.3,13.0,18.4,112.9,1
2021,Milwaukee Bucks,West_team,Phoenix Suns,4.0,26.6,14.0,8.0,0.636,14.0,8.0,114.7,110.0,4.7,95.1,0.219,0.35,0.585,0.547,11.3,19.6,0.188,0.507,10.9,76.1,0.194,10,22,5280.0,43.0,89.5,0.481,11.8,31.3,0.376,31.3,58.2,0.537,16.8,19.6,0.861,8.4,36.5,44.9,24.4,6.8,4.4,12.5,20.8,114.7,0
2022,Golden State Warriors,East_team,Boston Celtics,3.0,26.3,14.0,10.0,0.583,15.0,9.0,110.7,107.0,3.7,95.3,0.283,0.448,0.574,0.533,13.8,21.9,0.226,0.501,12.3,76.9,0.181,9,24,5760.0,38.5,85.8,0.449,14.3,38.4,0.373,24.2,47.3,0.511,19.4,24.3,0.797,9.4,35.6,45.0,25.7,6.7,6.6,15.4,21.7,110.7,0
2022,Golden State Warriors,West_team,Golden State Warriors,1.0,28.2,16.0,6.0,0.727,14.0,8.0,115.2,110.0,5.2,97.1,0.23,0.433,0.59,0.561,13.3,23.6,0.176,0.522,12.7,77.5,0.205,4,22,5280.0,42.6,88.7,0.48,14.4,38.4,0.375,28.2,50.3,0.561,15.6,20.4,0.766,10.1,35.1,45.2,27.8,8.0,5.1,15.0,22.2,115.2,1
2023,Denver Nuggets,East_team,Miami Heat,4.0,29.0,13.0,10.0,0.565,13.0,10.0,114.1,112.5,1.6,94.5,0.228,0.388,0.567,0.531,10.9,21.5,0.185,0.534,12.6,74.9,0.213,6,23,5545.0,41.8,91.4,0.458,13.5,35.4,0.38,28.4,56.0,0.507,16.9,20.8,0.813,9.7,32.7,42.4,24.8,7.4,3.8,12.3,21.1,114.1,0
2023,Denver Nuggets,West_team,Denver Nuggets,1.0,26.8,16.0,4.0,0.8,15.0,5.0,119.5,110.8,8.7,94.4,0.257,0.349,0.593,0.557,10.8,25.2,0.206,0.515,10.4,80.7,0.198,1,20,4825.0,44.5,90.5,0.492,11.9,31.6,0.375,32.7,58.9,0.554,18.6,23.3,0.801,10.6,36.6,47.1,27.1,7.2,4.4,12.2,20.3,119.5,1
2024,,East_team,Boston Celtics,1.0,29.0,12.0,2.0,0.857,11.0,3.0,120.1,109.3,10.8,92.0,0.239,0.474,0.6,0.568,11.1,24.8,0.19,0.533,11.4,81.6,0.116,1,14,3385.0,43.5,90.6,0.48,15.8,42.9,0.368,27.7,47.7,0.582,17.3,21.7,0.797,10.7,36.4,47.2,25.5,6.8,5.8,12.5,16.5,120.1,
2024,,West_team,Dallas Mavericks,5.0,25.8,12.0,5.0,0.706,11.0,6.0,116.6,112.2,4.4,92.6,0.288,0.409,0.578,0.547,12.1,27.3,0.21,0.514,11.0,75.5,0.194,6,17,4080.0,42.1,89.4,0.471,13.6,36.6,0.372,28.5,52.9,0.54,18.7,25.7,0.728,12.3,34.2,46.5,24.2,6.9,6.7,13.9,21.0,116.6,
