Year,East_team,West_team,East_won,NRtg,ORB%,OTOV%
2010,Boston Celtics,Los Angeles Lakers,0,-1.1,-7.799999999999997,1.9000000000000004
2011,Miami Heat,Dallas Mavericks,0,-3.5999999999999996,0.8999999999999986,0.9000000000000004
2012,Miami Heat,Oklahoma City Thunder,1,3.5999999999999996,2.5,1.5
2013,Miami Heat,San Antonio Spurs,1,-0.2999999999999998,1.8999999999999986,0.7999999999999989
2014,Miami Heat,San Antonio Spurs,0,-8.0,-6.5,0.8000000000000007
2015,Cleveland Cavaliers,Golden State Warriors,0,-3.8999999999999995,1.9000000000000021,-1.5
2016,Cleveland Cavaliers,Golden State Warriors,1,5.1,2.900000000000002,-0.6999999999999993
2017,Cleveland Cavaliers,Golden State Warriors,0,-5.300000000000001,1.2000000000000028,-0.09999999999999964
2018,Cleveland Cavaliers,Golden State Warriors,0,-12.100000000000001,1.6999999999999993,0.1999999999999993
2019,Toronto Raptors,Golden State Warriors,1,2.0999999999999996,-5.900000000000002,-2.299999999999999
2020,Miami Heat,Los Angeles Lakers,0,-5.0,-7.0,-1.6999999999999993
2021,Milwaukee Bucks,Phoenix Suns,1,0.5999999999999996,8.2,0.0
2022,Boston Celtics,Golden State Warriors,0,-1.5,-1.7000000000000028,0.5
2023,Miami Heat,Denver Nuggets,0,-7.1,-3.6999999999999993,0.09999999999999964
2024,Boston Celtics,Dallas Mavericks,,6.4,-2.5,-1.0
